{"research": [
    {
        "Title" : "",
        "Citations" : "Sharif K, Watad A, Coplan L, Lichtbroun B, Krosser A, Lichtbroun M, Bragazzi NL, Amital H, Afek A, Shoenfeld Y. The role of stress in the mosaic of autoimmunity: An overlooked association. Autoimmun Rev. 2018 Oct;17(10):967-983. doi: 10.1016/j.autrev.2018.04.005. Epub 2018 Aug 14. PMID: 30118900.",
        "Summary" : "Autoimmunity and Stress",
        "Link" : "https://www.ncbi.nlm.nih.gov/pmc/articles/PMC7477358/"
    },
    {
        "Title":"Vitamin D",
        "Citations": "",
        "Summary" : "",
        "Link" : ""
    }
]
}